email;phoneNumber;passportId;lastName;firstName;middleName;age;gender
grishin.timur@gmail.com;+375254421862;3240197E918PB1;Гришин;Тимур;Тимофеевич;45;MALE
rakov.stanislav@gmail.com;+375257231448;3241108H322PB9;Раков;Станислав;Дмитриевич;62;MALE
homjakova.melanija@gmail.com;+375255538972;3010197K993PB8;Хомякова;Мелания;Егоровна;79;FEMALE
ovchinnikov.artem@gmail.com;+375258582832;4111113C618PB9;Овчинников;Артём;Русланович;43;MALE
gladkov.aleksej@gmail.com;+375255497517;4110222M043PB4;Гладков;Алексей;Вячеславович;32;MALE
chernysheva.viktorija@gmail.com;+375251595414;3210210E245PB2;Чернышева;Виктория;Матвеевна;53;FEMALE
simonova.agata@gmail.com;+375255261285;3160224H534PB7;Симонова;Агата;Никитична;61;FEMALE
poljakov.lev@gmail.com;+375253923563;5021111E348PB6;Поляков;Лев;Михайлович;17;MALE
baranova.ekaterina@gmail.com;+375254917167;4220160M097PB3;Баранова;Екатерина;Владимировна;52;FEMALE
smirnov.savelij@gmail.com;+375256729834;4221293E180PB5;Смирнов;Савелий;Степанович;65;MALE
rodionova.anna@gmail.com;+375258664384;4201227A461PB4;Родионова;Анна;Фёдоровна;44;FEMALE
jakovleva.anastasija@gmail.com;+375258448372;4230160A423PB6;Яковлева;Анастасия;Александровна;64;FEMALE
nikitin.nikolaj@gmail.com;+375259694621;3060280C442PB3;Никитин;Николай;Дмитриевич;26;MALE
nikolaeva.eva@gmail.com;+375253467721;4171201K223PB1;Николаева;Ева;Данииловна;40;FEMALE
komarov.aleksej@gmail.com;+375257445661;3141240A784PB4;Комаров;Алексей;Егорович;43;MALE
ivanov.demid@gmail.com;+375259545668;4161296K238PB2;Иванов;Демид;Даниилович;65;MALE
shilova.vasilisa@gmail.com;+375252585663;4080292H599PB6;Шилова;Василиса;Егоровна;79;FEMALE
nikolaeva.darja@gmail.com;+375256145611;4240205E618PB8;Николаева;Дарья;Филипповна;30;FEMALE
korolev.georgij@gmail.com;+375257998643;3010275C636PB5;Королев;Георгий;Артёмович;32;MALE
zaharov.artem@gmail.com;+375251296971;4111178C089PB9;Захаров;Артём;Ильич;39;MALE
salnikova.polina@gmail.com;+375256588434;3061146E936PB9;Сальникова;Полина;Мирославовна;47;FEMALE
muratova.valerija@gmail.com;+375255428226;3120248K451PB1;Муратова;Валерия;Платоновна;27;FEMALE
veshnjakov.ilja@gmail.com;+375253697277;4241296B323PB5;Вешняков;Илья;Николаевич;68;MALE
maksimov.bogdan@gmail.com;+375258624847;5130103H647PB5;Максимов;Богдан;Романович;17;MALE
nikiforova.malika@gmail.com;+375257387845;4110137E041PB4;Никифорова;Малика;Фёдоровна;66;FEMALE
paramonov.david@gmail.com;+375258314632;4290182B140PB8;Парамонов;Давид;Григорьевич;62;MALE
zimina.olga@gmail.com;+375255294956;4140281M023PB2;Зимина;Ольга;Александровна;54;FEMALE
suhanov.roman@gmail.com;+375253819154;4290296K171PB3;Суханов;Роман;Макарович;67;MALE
soboleva.agata@gmail.com;+375258559989;3151260K738PB2;Соболева;Агата;Владимировна;29;FEMALE
kuznetsova.vasilisa@gmail.com;+375253813973;6030213H786PB8;Кузнецова;Василиса;Ивановна;17;FEMALE
kuznetsov.denis@gmail.com;+375292475562;4011188E986PB3;Кузнецов;Денис;Арсентьевич;42;MALE
vereschagin.rodion@gmail.com;+375299881278;3211181A672PB6;Верещагин;Родион;Алексеевич;28;MALE
jakovleva.polina@gmail.com;+375294544219;3151225A945PB9;Яковлева;Полина;Сергеевна;52;FEMALE
komissarova.taisija@gmail.com;+375291324213;4161235K852PB9;Комиссарова;Таисия;Данииловна;52;FEMALE
arhipova.vasilisa@gmail.com;+375294123268;4121204K373PB9;Архипова;Василиса;Михайловна;39;FEMALE
krjuchkov.dmitrij@gmail.com;+375293689943;4160142H978PB9;Крючков;Дмитрий;Егорович;26;MALE
tarasov.timofej@gmail.com;+375291941912;4221293M053PB9;Тарасов;Тимофей;Михайлович;78;MALE
suvorova.alisa@gmail.com;+375298368139;4250196B173PB6;Суворова;Алиса;Максимовна;78;FEMALE
chernova.sofija@gmail.com;+375292967748;3210255K219PB7;Чернова;София;Артёмовна;54;FEMALE
vasilev.nikita@gmail.com;+375297957188;3090116B166PB6;Васильев;Никита;Иванович;69;MALE
zhuravleva.olga@gmail.com;+375292811363;3121223K885PB1;Журавлева;Ольга;Артёмовна;48;FEMALE
panov.roman@gmail.com;+375291324156;4190153H444PB5;Панов;Роман;Степанович;43;MALE
shuvalova.varvara@gmail.com;+375298949682;4091113B192PB8;Шувалова;Варвара;Ильинична;45;FEMALE
panova.anna@gmail.com;+375299961934;4041200K232PB9;Панова;Анна;Фёдоровна;56;FEMALE
bogdanova.diana@gmail.com;+375293339253;5231223M046PB5;Богданова;Диана;Матвеевна;20;FEMALE
kondrateva.polina@gmail.com;+375292456994;3131168M896PB7;Кондратьева;Полина;Владиславовна;66;FEMALE
ershov.vsevolod@gmail.com;+375297562945;4150129K545PB5;Ершов;Всеволод;Германович;68;MALE
maksimova.sofija@gmail.com;+375298659249;4151248M280PB2;Максимова;София;Львовна;76;FEMALE
kuznetsova.karolina@gmail.com;+375299297247;3000154B713PB3;Кузнецова;Каролина;Владиславовна;71;FEMALE
beljaev.andrej@gmail.com;+375295997956;6271200E881PB2;Беляев;Андрей;Георгиевич;18;MALE
volkova.varvara@gmail.com;+375297378422;4250232A872PB3;Волкова;Варвара;Николаевна;75;FEMALE
chernov.aleksandr@gmail.com;+375291267369;4210102M451PB4;Чернов;Александр;Матвеевич;67;MALE
malyshev.roman@gmail.com;+375296273979;4200212A186PB4;Малышев;Роман;Андреевич;45;MALE
tarasova.kristina@gmail.com;+375298822625;5191103C038PB5;Тарасова;Кристина;Данииловна;21;FEMALE
kuznetsov.jaroslav@gmail.com;+375294196792;3070264M641PB5;Кузнецов;Ярослав;Антонович;38;MALE
mironov.aleksej@gmail.com;+375291647763;4091166H586PB7;Миронов;Алексей;Эмирович;38;MALE
zhuravlev.sergej@gmail.com;+375297932979;4041221B030PB6;Журавлев;Сергей;Маркович;46;MALE
koroleva.darina@gmail.com;+375298856517;4131269M175PB3;Королева;Дарина;Данииловна;69;FEMALE
zimin.leonid@gmail.com;+375294556554;3261209B927PB1;Зимин;Леонид;Борисович;35;MALE
poljakov.vladimir@gmail.com;+375295622883;4000295A646PB8;Поляков;Владимир;Даниилович;47;MALE
stepanov.sergej@gmail.com;+375292175313;4261130E751PB1;Степанов;Сергей;Павлович;53;MALE
kuzmina.uljana@gmail.com;+375292155847;3200139M513PB8;Кузьмина;Ульяна;Ильинична;55;FEMALE
popova.marjana@gmail.com;+375296666929;4111221E816PB2;Попова;Марьяна;Владимировна;27;FEMALE
morozov.dmitrij@gmail.com;+375295534567;3101208C626PB6;Морозов;Дмитрий;Михайлович;47;MALE
sokolova.polina@gmail.com;+375294418491;4050235E551PB5;Соколова;Полина;Дмитриевна;30;FEMALE
lebedev.lev@gmail.com;+375293595679;6160212C770PB8;Лебедев;Лев;Арсентьевич;22;MALE
novikova.esenija@gmail.com;+375291718935;3220106K891PB1;Новикова;Есения;Михайловна;24;FEMALE
andreeva.elizaveta@gmail.com;+375292495236;5140213K956PB9;Андреева;Елизавета;Глебовна;23;FEMALE
andreeva.olga@gmail.com;+375294457724;4270141C427PB8;Андреева;Ольга;Вячеславовна;46;FEMALE
anisimova.marija@gmail.com;+375291522141;3211109C518PB7;Анисимова;Мария;Егоровна;49;FEMALE
grishin.ilja@gmail.com;+375293783414;6011220K598PB9;Гришин;Илья;Сергеевич;19;MALE
semenov.anatolij@gmail.com;+375294438386;3211243B545PB9;Семенов;Анатолий;Фёдорович;63;MALE
borisov.bilal@gmail.com;+375292414439;6210123K033PB2;Борисов;Билал;Степанович;16;MALE
ivanova.anastasija@gmail.com;+375294485145;3190218C134PB7;Иванова;Анастасия;Серафимовна;26;FEMALE
lopatina.vasilisa@gmail.com;+375294143352;4200171K242PB9;Лопатина;Василиса;Ивановна;45;FEMALE
moiseeva.alisa@gmail.com;+375292986282;5000113C690PB8;Моисеева;Алиса;Ильинична;20;FEMALE
rubtsova.alisa@gmail.com;+375296866139;4081116B198PB8;Рубцова;Алиса;Мироновна;72;FEMALE
tihonov.nikita@gmail.com;+375295859563;6201101H977PB3;Тихонов;Никита;Даниилович;17;MALE
miheev.matvej@gmail.com;+375298511199;3211161H461PB9;Михеев;Матвей;Фёдорович;42;MALE
kuznetsova.kira@gmail.com;+375298898665;4070194E177PB4;Кузнецова;Кира;Александровна;60;FEMALE
pavlova.marija@gmail.com;+375447221743;3161119H882PB9;Павлова;Мария;Павловна;61;FEMALE
ivanova.pelageja@gmail.com;+375443618515;4091277B664PB9;Иванова;Пелагея;Никитична;50;FEMALE
smirnova.diana@gmail.com;+375443579384;4171258C185PB8;Смирнова;Диана;Филипповна;37;FEMALE
bogdanova.sofja@gmail.com;+375446239684;3271236K855PB5;Богданова;Софья;Александровна;66;FEMALE
alekseev.maksim@gmail.com;+375446429183;3121260M251PB3;Алексеев;Максим;Ильич;26;MALE
ivanova.melanija@gmail.com;+375445622819;4131151E789PB3;Иванова;Мелания;Ильинична;71;FEMALE
kirillova.tatjana@gmail.com;+375442147689;4241286A297PB7;Кириллова;Татьяна;Денисовна;76;FEMALE
lazareva.miroslava@gmail.com;+375442678574;4180145K771PB2;Лазарева;Мирослава;Даниловна;47;FEMALE
antonov.ivan@gmail.com;+375441787199;3210215C110PB5;Антонов;Иван;Артёмович;28;MALE
martynova.esenija@gmail.com;+375441974382;3040247K931PB2;Мартынова;Есения;Борисовна;35;FEMALE
mironov.aleksandr@gmail.com;+375446922273;4050272A960PB9;Миронов;Александр;Павлович;46;MALE
kovaleva.aleksandra@gmail.com;+375443963255;3081112C817PB4;Ковалева;Александра;Андреевна;69;FEMALE
zhukov.timofej@gmail.com;+375446779312;3261101A161PB6;Жуков;Тимофей;Александрович;26;MALE
rakov.lev@gmail.com;+375444134274;5101202E161PB1;Раков;Лев;Артёмович;20;MALE
gorshkova.leja@gmail.com;+375446321983;4050227C288PB5;Горшкова;Лея;Николаевна;24;FEMALE
dementeva.valerija@gmail.com;+375445484652;4290231H264PB6;Дементьева;Валерия;Алексеевна;47;FEMALE
mironov.daniel@gmail.com;+375446133279;4121159C883PB8;Миронов;Даниэль;Михайлович;73;MALE
sorokina.veronika@gmail.com;+375448935371;4230295K594PB1;Сорокина;Вероника;Артёмовна;27;FEMALE
petrovskaja.elizaveta@gmail.com;+375441544816;4171221M295PB5;Петровская;Елизавета;Григорьевна;27;FEMALE
noskov.jaroslav@gmail.com;+375448651793;3070151H847PB2;Носков;Ярослав;Викторович;24;MALE
