id_number;email;firstName;lastName;middleName;gender
768L720;lev.beljakov@gmail.com;Лев;Беляков;Петрович;MALE
661A680;aleksandr.morozov@gmail.com;Александр;Морозов;Алексеевич;MALE
412A530;aleksandr.nesterov@gmail.com;Александр;Нестеров;Максимович;MALE
742A550;artem.krylov@gmail.com;Артём;Крылов;Сергеевич;MALE
565K590;ksenija.zubova@gmail.com;Ксения;Зубова;Михайловна;FEMALE
497A450;amina.zaharova@gmail.com;Амина;Захарова;Никитична;FEMALE
921O680;olga.komarova@gmail.com;Ольга;Комарова;Кирилловна;FEMALE
266A810;antonina.karaseva@gmail.com;Антонина;Карасева;Дмитриевна;FEMALE
615D110;david.sergeev@gmail.com;Давид;Сергеев;Артёмович;MALE
526D600;darja.dmitrieva@gmail.com;Дарья;Дмитриева;Евгеньевна;FEMALE
133A320;anna.kuznetsova@gmail.com;Анна;Кузнецова;Львовна;FEMALE
602D360;dmitrij.makarov@gmail.com;Дмитрий;Макаров;Михайлович;MALE
659A270;aleksej.chernov@gmail.com;Алексей;Чернов;Арсентьевич;MALE
409P400;pavel.beljakov@gmail.com;Павел;Беляков;Богданович;MALE
247S570;sofija.plotnikova@gmail.com;София;Плотникова;Сергеевна;FEMALE
632K750;ksenija.alekseeva@gmail.com;Ксения;Алексеева;Ярославовна;FEMALE
139A240;artem.melnikov@gmail.com;Артём;Мельников;Серафимович;MALE
500M100;matvej.litvinov@gmail.com;Матвей;Литвинов;Матвеевич;MALE
678K100;kirill.shuvalov@gmail.com;Кирилл;Шувалов;Георгиевич;MALE
764V820;vasilisa.mironova@gmail.com;Василиса;Миронова;Георгиевна;FEMALE
278M441;miroslava.bogdanova@gmail.com;Мирослава;Богданова;Сергеевна;FEMALE
566P391;petr.karpov@gmail.com;Пётр;Карпов;Дмитриевич;MALE
823V441;veronika.ivanova@gmail.com;Вероника;Иванова;Марковна;FEMALE
332A481;artem.korovin@gmail.com;Артём;Коровин;Викторович;MALE
876M681;matvej.tolkachev@gmail.com;Матвей;Толкачев;Романович;MALE
365E901;elina.kiseleva@gmail.com;Элина;Киселева;Робертовна;FEMALE
884T941;timur.mironov@gmail.com;Тимур;Миронов;Александрович;MALE
444D471;darja.volkova@gmail.com;Дарья;Волкова;Макаровна;FEMALE
363A321;alisa.antonova@gmail.com;Алиса;Антонова;Макаровна;FEMALE
542A531;andrej.vorobev@gmail.com;Андрей;Воробьев;Даниилович;MALE
391I491;irina.maslennikova@gmail.com;Ирина;Масленникова;Савельевна;FEMALE
947A621;aleksandr.dementev@gmail.com;Александр;Дементьев;Кириллович;MALE
755I401;ilja.kuznetsov@gmail.com;Илья;Кузнецов;Адамович;MALE
761A791;alisa.egorova@gmail.com;Алиса;Егорова;Павловна;FEMALE
359G141;georgij.gromov@gmail.com;Георгий;Громов;Александрович;MALE
985T681;margo.romanova@gmail.com;Марго;Романова;Иванова;FEMALE
778D171;daniil.baranov@gmail.com;Даниил;Баранов;Лукич;MALE
505V191;vladislav.kuznetsov@gmail.com;Владислав;Кузнецов;Кириллович;MALE
741V291;vasilisa.hudjakova@gmail.com;Василиса;Худякова;Платоновна;FEMALE
199K351;ksenija.ivanova@gmail.com;Ксения;Иванова;Алексеевна;FEMALE
997E362;ekaterina.jakovleva@gmail.com;Екатерина;Яковлева;Антоновна;FEMALE
797L722;lev.semenov@gmail.com;Лев;Семенов;Владимирович;MALE
412A232;aleksandra.volkova@gmail.com;Александра;Волкова;Платоновна;FEMALE
580A622;aleksandr.savelev@gmail.com;Александр;Савельев;Андреевич;MALE
695R422;ruslan.zajtsev@gmail.com;Руслан;Зайцев;Романович;MALE
993M612;miroslava.chernysheva@gmail.com;Мирослава;Чернышева;Александровна;FEMALE
601J822;julija.borodina@gmail.com;Юлия;Бородина;Тихоновна;FEMALE
731S902;stefanija.petrova@gmail.com;Стефания;Петрова;Владимировна;FEMALE
121T582;timofej.korolev@gmail.com;Тимофей;Королев;Степанович;MALE
226O602;oleg.gusev@gmail.com;Олег;Гусев;Арсентьевич;MALE
152I422;igor.kulikov@gmail.com;Игорь;Куликов;Максимович;MALE
819M502;marjam.sokolova@gmail.com;Марьям;Соколова;Алиевна;FEMALE
390E692;elizaveta.uvarova@gmail.com;Елизавета;Уварова;Артемьевна;FEMALE
177D922;damir.sidorov@gmail.com;Дамир;Сидоров;Даниилович;MALE
449V302;varvara.popova@gmail.com;Варвара;Попова;Артёмовна;FEMALE
919V142;vladimir.rodin@gmail.com;Владимир;Родин;Дамирович;MALE
490P222;pavel.bolshakov@gmail.com;Павел;Большаков;Матвеевич;MALE
454K122;kirill.titov@gmail.com;Кирилл;Титов;Матвеевич;MALE
750M272;maksim.moiseev@gmail.com;Максим;Моисеев;Маркович;MALE
824A632;arina.kuznetsova@gmail.com;Арина;Кузнецова;Захаровна;FEMALE
